{"cameraMode":{"drawMode":0,"name":"Shaded","section":"Shading Mode"},"sceneLighting":true,"audioPlay":false,"sceneViewState":{"showFog":true,"showMaterialUpdate":false,"showSkybox":true,"showFlares":true,"showImageEffects":true,"showParticleSystems":true},"in2DMode":false,"pivot":{"x":-93.45816802978516,"y":131.13438415527345,"z":-84.9489974975586},"rotation":{"x":0.21757872402668,"y":0.07021822780370712,"z":-0.015629198402166368,"w":0.9734302163124085},"size":269.9108581542969,"orthographic":false}