{"cameraMode":{"drawMode":0,"name":"Shaded","section":"Shading Mode"},"sceneLighting":false,"audioPlay":false,"sceneViewState":{"showFog":true,"showMaterialUpdate":false,"showSkybox":false,"showFlares":true,"showImageEffects":true,"showParticleSystems":true},"in2DMode":false,"pivot":{"x":-416.1000061035156,"y":83.66187286376953,"z":-64.47146606445313},"rotation":{"x":-0.05578189715743065,"y":0.0005966450553387404,"z":-0.00002654484887898434,"w":-0.9984570145606995},"size":192.1405792236328,"orthographic":false}