{"cameraMode":{"drawMode":0,"name":"Shaded","section":"Shading Mode"},"sceneLighting":false,"audioPlay":false,"sceneViewState":{"showFog":true,"showMaterialUpdate":false,"showSkybox":false,"showFlares":true,"showImageEffects":true,"showParticleSystems":true},"in2DMode":false,"pivot":{"x":866.6825561523438,"y":786.3116455078125,"z":-168.37109375},"rotation":{"x":0.10805322229862213,"y":0.031311970204114917,"z":-0.0033575082197785379,"w":0.9937018156051636},"size":1003.411376953125,"orthographic":false}