{"cameraMode":{"drawMode":0,"name":"Shaded","section":"Shading Mode"},"sceneLighting":true,"audioPlay":false,"sceneViewState":{"showFog":true,"showMaterialUpdate":false,"showSkybox":true,"showFlares":true,"showImageEffects":true,"showParticleSystems":true},"in2DMode":false,"pivot":{"x":8.120047569274903,"y":48.015281677246097,"z":-72.7008285522461},"rotation":{"x":-0.09166602045297623,"y":-0.018821734935045244,"z":0.0017398098716512323,"w":-0.9956251382827759},"size":99.3719482421875,"orthographic":false}