{"cameraMode":{"drawMode":0,"name":"Shaded","section":"Shading Mode"},"sceneLighting":false,"audioPlay":false,"sceneViewState":{"showFog":true,"showMaterialUpdate":false,"showSkybox":false,"showFlares":true,"showImageEffects":true,"showParticleSystems":true},"in2DMode":false,"pivot":{"x":70.95782470703125,"y":100.24003601074219,"z":356.4913330078125},"rotation":{"x":0.005052602384239435,"y":-0.9949325919151306,"z":0.07507414370775223,"w":0.06755421310663223},"size":452.9948425292969,"orthographic":false}