{"cameraMode":{"drawMode":0,"name":"Shaded","section":"Shading Mode"},"sceneLighting":false,"audioPlay":false,"sceneViewState":{"showFog":true,"showMaterialUpdate":true,"showSkybox":false,"showFlares":true,"showImageEffects":true,"showParticleSystems":true},"in2DMode":false,"pivot":{"x":508.1806640625,"y":836.0737915039063,"z":-42.729736328125},"rotation":{"x":-0.12895815074443818,"y":-0.009465248323976994,"z":0.0015239333733916283,"w":-0.9917439818382263},"size":1433.3424072265625,"orthographic":false}