{"cameraMode":{"drawMode":0,"name":"Shaded","section":"Shading Mode"},"sceneLighting":true,"audioPlay":false,"sceneViewState":{"showFog":true,"showMaterialUpdate":true,"showSkybox":true,"showFlares":true,"showImageEffects":true,"showParticleSystems":true},"in2DMode":false,"pivot":{"x":6.462512969970703,"y":75.56756591796875,"z":26.02789306640625},"rotation":{"x":-0.0018092443933710456,"y":0.003917712718248367,"z":0.0001787733635865152,"w":-1.0001602172851563},"size":117.28374481201172,"orthographic":false}